S.No.,HSCode,Commodity,2017-2018,2018-2019,%Growth
1,01,LIVE ANIMALS.,0.0,0.0
2,02,MEAT AND EDIBLE MEAT OFFAL.,1.73,2.51,45.16
3,03,"FISH AND CRUSTACEANS, MOLLUSCS AND OTHER AQUATIC INVERTABRATES.",1109.45,870.05,-21.58
4,04,"DAIRY PRODUCE; BIRDS' EGGS; NATURAL HONEY; EDIBLE PROD. OF ANIMAL ORIGIN, NOT ELSEWHERE SPEC. OR INCLUDED.",7.36,58.64,696.29
5,05,"PRODUCTS OF ANIMAL ORIGIN, NOT ELSEWHERE SPECIFIED OR INCLUDED.",12.91,9.69,-24.97
6,06,LIVE TREES AND OTHER PLANTS; BULBS; ROOTS AND THE LIKE; CUT FLOWERS AND ORNAMENTAL FOLIAGE.,35.12,33.4,-4.88
7,07,EDIBLE VEGETABLES AND CERTAIN ROOTS AND TUBERS.,194.69,195.72,0.53
8,08,EDIBLE FRUIT AND NUTS; PEEL OR CITRUS FRUIT OR MELONS.,538.83,492.93,-8.52
9,09,"COFFEE, TEA, MATE AND SPICES.",770.36,672.94,-12.65
10,10,CEREALS.,500.68,333.23,-33.44
11,11,PRODUCTS OF THE MILLING INDUSTRY; MALT; STARCHES; INULIN; WHEAT GLUTEN.,20.37,24.58,20.64
12,12,"OIL SEEDS AND OLEA. FRUITS; MISC. GRAINS, SEEDS AND FRUIT; INDUSTRIAL OR MEDICINAL PLANTS; STRAW AND FODDER.",301.98,305.75,1.25
13,13,"LAC; GUMS, RESINS AND OTHER VEGETABLE SAPS AND EXTRACTS.",196.55,226.75,15.37
14,14,VEGETABLE PLAITING MATERIALS; VEGETABLE PRODUCTS NOT ELSEWHERE SPECIFIED OR INCLUDED.,4.49,5.22,16.38
15,15,ANIMAL OR VEGETABLE FATS AND OILS AND THEIR CLEAVAGE PRODUCTS; PRE. EDIBLE FATS; ANIMAL OR VEGETABLE WAXEX.,375.86,303.76,-19.18
16,16,"PREPARATIONS OF MEAT, OF FISH OR OF CRUSTACEANS, MOLLUSCS OR OTHER AQUATIC INVERTEBRATES",51.93,43.91,-15.45
17,17,SUGARS AND SUGAR CONFECTIONERY.,29.44,95.21,223.42
18,18,COCOA AND COCOA PREPARATIONS.,40.82,26.35,-35.44
19,19,"PREPARATIONS OF CEREALS, FLOUR, STARCH OR MILK; PASTRYCOOKS PRODUCTS.",38.08,37.92,-0.42
20,20,"PREPARATIONS OF VEGETABLES, FRUIT, NUTS OR OTHER PARTS OF PLANTS.",187.51,190.15,1.41
21,21,MISCELLANEOUS EDIBLE PREPARATIONS.,143.42,137.38,-4.21
22,22,"BEVERAGES, SPIRITS AND VINEGAR.",30.5,25.04,-17.91
23,23,RESIDUES AND WASTE FROM THE FOOD INDUSTRIES; PREPARED ANIMAL FODER.,282.15,259.44,-8.05
24,24,TOBACCO AND MANUFACTURED TOBACCO SUBSTITUTES.,294.0,260.56,-11.37
25,25,"SALT; SULPHUR; EARTHS AND STONE; PLASTERING MATERIALS, LIME AND CEMENT.",309.01,273.06,-11.64
26,26,"ORES, SLAG AND ASH.",21.72,88.41,307.04
27,27,"MINERAL FUELS, MINERAL OILS AND PRODUCTS OF THEIR DISTILLATION; BITUMINOUS SUBSTANCES; MINERAL WAXES.",4282.02,7229.53,68.83
28,28,"INORGANIC CHEMICALS; ORGANIC OR INORGANIC COMPOUNDS OF PRECIOUS METALS, OF RARE-EARTH METALS, OR RADI. ELEM. OR OF ISOTOPES.",252.17,337.6,33.88
29,29,ORGANIC CHEMICALS,4166.89,4862.42,16.69
30,30,PHARMACEUTICAL PRODUCTS,1792.63,1932.77,7.82
31,31,FERTILISERS.,7.92,6.25,-21.13
32,32,"TANNING OR DYEING EXTRACTS; TANNINS AND THEIR DERI. DYES, PIGMENTS AND OTHER COLOURING MATTER; PAINTS AND VER; PUTTY AND OTHER MASTICS; INKS.",862.65,859.12,-0.41
33,33,"ESSENTIAL OILS AND RESINOIDS; PERFUMERY, COSMETIC OR TOILET PREPARATIONS.",287.61,290.84,1.12
34,34,"SOAP, ORGANIC SURFACE-ACTIVE AGENTS, WASHING PREPARATIONS, LUBRICATING PREPARATIONS, ARTIFICIAL WAXES, PREPARED WAXES, POLISHING OR SCOURING PREP.",57.36,68.08,18.7
35,35,ALBUMINOIDAL SUBSTANCES; MODIFIED STARCHES; GLUES; ENZYMES.,28.25,26.77,-5.25
36,36,EXPLOSIVES; PYROTECHNIC PRODUCTS; MATCHES; PYROPHORIC ALLOYS; CERTAIN COMBUSTIBLE PREPARATIONS.,12.52,11.0,-12.18
37,37,PHOTOGRAPHIC OR CINEMATOGRAPHIC GOODS.,1.11,0.48,-57.26
38,38,MISCELLANEOUS CHEMICAL PRODUCTS.,710.4,819.9,15.41
39,39,PLASTIC AND ARTICLES THEREOF.,1582.4,1725.0,9.01
40,40,RUBBER AND ARTICLES THEREOF.,966.3,994.11,2.88
41,41,RAW HIDES AND SKINS (OTHER THAN FURSKINS) AND LEATHER,249.0,194.93,-21.72
42,42,"ARTICLES OF LEATHER,SADDLERY AND HARNESS;TRAVEL GOODS, HANDBAGS AND SIMILAR CONT.ARTICLES OF ANIMAL GUT(OTHR THN SILK-WRM)GUT.",1468.31,1466.04,-0.15
43,43,"FURSKINS AND ARTIFICIAL FUR, MANUFACTURES THEREOF.",4.51,3.83,-15.05
44,44,WOOD AND ARTICLES OF WOOD; WOOD CHARCOAL.,90.61,83.66,-7.67
45,45,CORK AND ARTICLES OF CORK.,0.25,0.31,24.89
46,46,"MANUFACTURES OF STRAW, OF ESPARTO OR OF OTHER PLAITING MATERIALS; BASKETWARE AND WICKERWORK.",8.02,13.59,69.41
47,47,PULP OF WOOD OR OF OTHER FIBROUS CELLULOSIC MATERIAL; WASTE AND SCRAP OF PAPER OR PAPERBOARD.,0.01,0.05,310.29
48,48,"PAPER AND PAPERBOARD; ARTICLES OF PAPER PULP, OF PAPER OR OF PAPERBOARD.",168.69,262.12,55.38
49,49,"PRINTED BOOKDS, NEWSPAPERS, PICTURES AND OTHER PRODUCTS OF THE PRINTING INDUSTRY; MANUSCRIPTS, TYPESCRIPTS AND PLANS.",51.56,59.84,16.07
50,50,SILK,23.22,23.57,1.5
51,51,"WOOL, FINE OR COARSE ANIMAL HAIR, HORSEHAIR YARN AND WOVEN FABRIC.",71.61,83.93,17.2
52,52,COTTON.,731.79,584.76,-20.09
53,53,OTHER VEGETABLE TEXTILE FIBRES; PAPER YARN AND WOVEN FABRICS OF PAPER YARN.,112.55,123.1,9.37
54,54,MAN-MADE FILAMENTS.,519.03,508.04,-2.12
55,55,MAN-MADE STAPLE FIBRES.,500.7,433.8,-13.36
56,56,"WADDING, FELT AND NONWOVENS; SPACIAL YARNS; TWINE, CORDAGE, ROPES AND CABLES AND ARTICLES THEREOF.",101.9,110.75,8.68
57,57,CARPETS AND OTHER TEXTILE FLOOR COVERINGS.,525.24,487.83,-7.12
58,58,SPECIAL WOVEN FABRICS; TUFTED TEXTILE FABRICS; LACE; TAPESTRIES; TRIMMINGS; EMBROIDERY.,139.32,116.57,-16.33
59,59,"IMPREGNATED, COATED, COVERED OR LAMINATED TEXTILE FABRICS; TEXTILE ARTICLES OF A KIND SUITABLE FOR INDUSTRIAL USE.",36.8,32.66,-11.25
60,60,KNITTED OR CROCHETED FABRICS.,10.37,7.23,-30.23
61,61,"ARTICLES OF APPAREL AND CLOTHING ACCESSORIES, KNITTED OR CORCHETED.",3214.1,3162.41,-1.61
62,62,"ARTICLES OF APPAREL AND CLOTHING ACCESSORIES, NOT KNITTED OR CROCHETED.",3307.38,3137.4,-5.14
63,63,OTHER MADE UP TEXTILE ARTICLES; SETS; WORN CLOTHING AND WORN TEXTILE ARTICLES; RAGS,1378.55,1422.23,3.17
64,64,"FOOTWEAR, GAITERS AND THE LIKE; PARTS OF SUCH ARTICLES.",1691.47,1632.43,-3.49
65,65,HEADGEAR AND PARTS THEREOF.,11.94,13.44,12.55
66,66,"UMBRELLAS, SUN UMBRELLAS, WALKING-STICKS, SEAT-STICKS, WHIPS,RIDING-CROPS AND PARTS THEREOF.",0.28,1.1,291.11
67,67,PREPARED FEATHERS AND DOWN AND ARTICLES MADE OF FEATHERS OR OF DOWN; ARTIFICIAL FLOWERS; ARTICLES OF HUMAN HAIR.,17.52,13.09,-25.29
68,68,"ARTICLES OF STONE, PLASTER, CEMENT, ASBESTOS, MICA OR SIMILAR MATERIALS.",403.8,384.32,-4.83
69,69,CERAMIC PRODUCTS.,186.79,242.42,29.78
70,70,GLASS AND GLASSWARE.,215.18,229.16,6.5
71,71,"NATURAL OR CULTURED PEARLS,PRECIOUS OR SEMIPRECIOUS STONES,PRE.METALS,CLAD WITH PRE.METAL AND ARTCLS THEREOF;IMIT.JEWLRY;COIN.",3996.95,4222.78,5.65
72,72,IRON AND STEEL,3398.0,2798.33,-17.65
73,73,ARTICLES OF IRON OR STEEL,1784.72,1956.61,9.63
74,74,COPPER AND ARTICLES THEREOF.,130.21,139.07,6.8
75,75,NICKEL AND ARTICLES THEREOF.,8.79,16.64,89.25
76,76,ALUMINIUM AND ARTICLES THEREOF.,956.37,1429.46,49.47
77,78,LEAD AND ARTICLES THEREOF.,4.74,26.81,465.35
78,79,ZINC AND ARTICLES THEREOF.,13.72,29.02,111.47
79,80,TIN AND ARTICLES THEREOF.,1.24,1.12,-9.93
80,81,OTHER BASE METALS; CERMETS; ARTICLES THEREOF.,22.13,21.64,-2.22
81,82,"TOOLS IMPLEMENTS, CUTLERY, SPOONS AND FORKS, OF BASE METAL; PARTS THEREOF OF BASE METAL.",272.22,305.13,12.09
82,83,MISCELLANEOUS ARTICLES OF BASE METAL.,202.03,215.54,6.69
83,84,"NUCLEAR REACTORS, BOILERS, MACHINERY AND MECHANICAL APPLIANCES; PARTS THEREOF.",5178.34,5599.6,8.14
84,85,"ELECTRICAL MACHINERY AND EQUIPMENT AND PARTS THEREOF; SOUND RECORDERS AND REPRODUCERS, TELEVISION IMAGE AND SOUND RECORDERS AND REPRODUCERS,AND PARTS.",2373.8,2912.79,22.71
85,86,"RAILWAY OR TRAMWAY LOCOMOTIVES, ROLLING-STOCK AND PARTS THEREOF; RAILWAY OR TRAMWAY TRACK FIXTURES AND FITTINGS AND PARTS THEREOF; MECHANICAL",41.26,25.71,-37.7
86,87,"VEHICLES OTHER THAN RAILWAY OR TRAMWAY ROLLING STOCK, AND PARTS AND ACCESSORIES THEREOF.",3168.81,2800.0,-11.64
87,88,"AIRCRAFT, SPACECRAFT, AND PARTS THEREOF.",906.46,712.26,-21.42
88,89,"SHIPS, BOATS AND FLOATING STRUCTURES.",109.8,153.25,39.58
89,90,"OPTICAL, PHOTOGRAPHIC CINEMATOGRAPHIC MEASURING, CHECKING PRECISION, MEDICAL OR SURGICAL INST. AND APPARATUS PARTS AND ACCESSORIES THEREOF;",1094.6,1022.11,-6.62
90,91,CLOCKS AND WATCHES AND PARTS THEREOF.,29.69,36.32,22.33
91,92,MUSICAL INSTRUMENTS; PARTS AND ACCESSORIES OF SUCH ARTICLES.,4.88,5.35,9.65
92,93,ARMS AND AMMUNITION; PARTS AND ACCESSORIES THEREOF.,20.59,22.08,7.27
93,94,"FURNITURE; BEDDING, MATTRESSES, MATTRESS SUPPORTS, CUSHIONS AND SIMILAR STUFFED FURNISHING; LAMPS AND LIGHTING FITTINGS NOT ELSEWHERE SPECIFIED OR INC",549.06,603.05,9.83
94,95,"TOYS, GAMES AND SPORTS REQUISITES; PARTS AND ACCESSORIES THEREOF.",117.13,145.87,24.54
95,96,MISCELLANEOUS MANUFACTURED ARTICLES.,113.99,123.07,7.97
96,97,WORKS OF ART COLLECTORS' PIECES AND ANTIQUES.,61.0,36.29,-40.52
97,98,PROJECT GOODS; SOME SPECIAL USES.,2.7,12.27,354.6
98,99,MISCELLANEOUS GOODS.,0.94,0.41,-56.1
,,Total,60313.88,64343.61,6.68
