S.No.,HSCode,Commodity,2019-2020,2020-2021,%Growth
1,01,LIVE ANIMALS.,0.0,0.0
2,03,"FISH AND CRUSTACEANS, MOLLUSCS AND OTHER AQUATIC INVERTABRATES.",0.29,0.0
3,04,"DAIRY PRODUCE; BIRDS' EGGS; NATURAL HONEY; EDIBLE PROD. OF ANIMAL ORIGIN, NOT ELSEWHERE SPEC. OR INCLUDED.",0.2,0.34,71.21
4,06,LIVE TREES AND OTHER PLANTS; BULBS; ROOTS AND THE LIKE; CUT FLOWERS AND ORNAMENTAL FOLIAGE.,0.01,0.01,66.61
5,07,EDIBLE VEGETABLES AND CERTAIN ROOTS AND TUBERS.,30.22,11.52,-61.87
6,08,EDIBLE FRUIT AND NUTS; PEEL OR CITRUS FRUIT OR MELONS.,0.21,0.07,-65.29
7,09,"COFFEE, TEA, MATE AND SPICES.",7.02,9.74,38.72
8,12,"OIL SEEDS AND OLEA. FRUITS; MISC. GRAINS, SEEDS AND FRUIT; INDUSTRIAL OR MEDICINAL PLANTS; STRAW AND FODDER.",4.27,9.22,116.18
9,13,"LAC; GUMS, RESINS AND OTHER VEGETABLE SAPS AND EXTRACTS.",2.88,2.18,-24.42
10,15,ANIMAL OR VEGETABLE FATS AND OILS AND THEIR CLEAVAGE PRODUCTS; PRE. EDIBLE FATS; ANIMAL OR VEGETABLE WAXEX.,0.0,0.0
11,18,COCOA AND COCOA PREPARATIONS.,37.3,14.01,-62.44
12,19,"PREPARATIONS OF CEREALS, FLOUR, STARCH OR MILK; PASTRYCOOKS PRODUCTS.",0.0,0.03
13,21,MISCELLANEOUS EDIBLE PREPARATIONS.,0.08,0.0
14,23,RESIDUES AND WASTE FROM THE FOOD INDUSTRIES; PREPARED ANIMAL FODER.,0.03,0.0
15,25,"SALT; SULPHUR; EARTHS AND STONE; PLASTERING MATERIALS, LIME AND CEMENT.",0.0,0.0,3198.27
16,26,"ORES, SLAG AND ASH.",0.02,0.0
17,27,"MINERAL FUELS, MINERAL OILS AND PRODUCTS OF THEIR DISTILLATION; BITUMINOUS SUBSTANCES; MINERAL WAXES.",267.95,48.0,-82.08
18,28,"INORGANIC CHEMICALS; ORGANIC OR INORGANIC COMPOUNDS OF PRECIOUS METALS, OF RARE-EARTH METALS, OR RADI. ELEM. OR OF ISOTOPES.",0.0,0.0
19,29,ORGANIC CHEMICALS,0.1,0.18,82.94
20,30,PHARMACEUTICAL PRODUCTS,0.2,0.01,-96.03
21,32,"TANNING OR DYEING EXTRACTS; TANNINS AND THEIR DERI. DYES, PIGMENTS AND OTHER COLOURING MATTER; PAINTS AND VER; PUTTY AND OTHER MASTICS; INKS.",0.0,0.01
22,33,"ESSENTIAL OILS AND RESINOIDS; PERFUMERY, COSMETIC OR TOILET PREPARATIONS.",0.54,0.84,53.24
23,34,"SOAP, ORGANIC SURFACE-ACTIVE AGENTS, WASHING PREPARATIONS, LUBRICATING PREPARATIONS, ARTIFICIAL WAXES, PREPARED WAXES, POLISHING OR SCOURING PREP.",0.0,0.0,841.14
24,35,ALBUMINOIDAL SUBSTANCES; MODIFIED STARCHES; GLUES; ENZYMES.,1.07,1.93,80.45
25,38,MISCELLANEOUS CHEMICAL PRODUCTS.,0.0,0.08,7121.28
26,39,PLASTIC AND ARTICLES THEREOF.,1.69,0.01,-99.11
27,40,RUBBER AND ARTICLES THEREOF.,0.0,0.18
28,41,RAW HIDES AND SKINS (OTHER THAN FURSKINS) AND LEATHER,0.78,1.35,72.42
29,44,WOOD AND ARTICLES OF WOOD; WOOD CHARCOAL.,1.07,0.37,-64.97
30,48,"PAPER AND PAPERBOARD; ARTICLES OF PAPER PULP, OF PAPER OR OF PAPERBOARD.",0.0,0.0
31,49,"PRINTED BOOKDS, NEWSPAPERS, PICTURES AND OTHER PRODUCTS OF THE PRINTING INDUSTRY; MANUSCRIPTS, TYPESCRIPTS AND PLANS.",0.03,0.0
32,52,COTTON.,6.9,0.29,-95.75
33,54,MAN-MADE FILAMENTS.,0.0,0.0
34,61,"ARTICLES OF APPAREL AND CLOTHING ACCESSORIES, KNITTED OR CORCHETED.",0.22,0.0
35,68,"ARTICLES OF STONE, PLASTER, CEMENT, ASBESTOS, MICA OR SIMILAR MATERIALS.",0.0,0.0
36,70,GLASS AND GLASSWARE.,0.04,0.0
37,71,"NATURAL OR CULTURED PEARLS,PRECIOUS OR SEMIPRECIOUS STONES,PRE.METALS,CLAD WITH PRE.METAL AND ARTCLS THEREOF;IMIT.JEWLRY;COIN.",0.37,0.12,-66.84
38,72,IRON AND STEEL,0.58,1.09,88.9
39,73,ARTICLES OF IRON OR STEEL,0.0,0.0,-34.38
40,74,COPPER AND ARTICLES THEREOF.,2.26,1.25,-44.97
41,76,ALUMINIUM AND ARTICLES THEREOF.,1.82,1.53,-16.41
42,78,LEAD AND ARTICLES THEREOF.,4.7,4.65,-0.99
43,80,TIN AND ARTICLES THEREOF.,0.0,0.51
44,81,OTHER BASE METALS; CERMETS; ARTICLES THEREOF.,0.72,0.15,-79.61
45,82,"TOOLS IMPLEMENTS, CUTLERY, SPOONS AND FORKS, OF BASE METAL; PARTS THEREOF OF BASE METAL.",0.02,0.0
46,83,MISCELLANEOUS ARTICLES OF BASE METAL.,0.0,0.0
47,84,"NUCLEAR REACTORS, BOILERS, MACHINERY AND MECHANICAL APPLIANCES; PARTS THEREOF.",0.35,0.4,14.85
48,85,"ELECTRICAL MACHINERY AND EQUIPMENT AND PARTS THEREOF; SOUND RECORDERS AND REPRODUCERS, TELEVISION IMAGE AND SOUND RECORDERS AND REPRODUCERS,AND PARTS.",2.23,2.6,16.88
49,86,"RAILWAY OR TRAMWAY LOCOMOTIVES, ROLLING-STOCK AND PARTS THEREOF; RAILWAY OR TRAMWAY TRACK FIXTURES AND FITTINGS AND PARTS THEREOF; MECHANICAL",0.0,0.03
50,87,"VEHICLES OTHER THAN RAILWAY OR TRAMWAY ROLLING STOCK, AND PARTS AND ACCESSORIES THEREOF.",0.68,0.0,-99.96
51,90,"OPTICAL, PHOTOGRAPHIC CINEMATOGRAPHIC MEASURING, CHECKING PRECISION, MEDICAL OR SURGICAL INST. AND APPARATUS PARTS AND ACCESSORIES THEREOF;",0.07,0.05,-21.16
52,94,"FURNITURE; BEDDING, MATTRESSES, MATTRESS SUPPORTS, CUSHIONS AND SIMILAR STUFFED FURNISHING; LAMPS AND LIGHTING FITTINGS NOT ELSEWHERE SPECIFIED OR INC",0.18,0.02,-89.38
53,96,MISCELLANEOUS MANUFACTURED ARTICLES.,0.0,0.01
54,98,PROJECT GOODS; SOME SPECIAL USES.,0.0,0.0,16.77
55,99,MISCELLANEOUS GOODS.,0.0,0.0,-48.66
,,Total,377.11,112.79,-70.09
